{"State.462ee11a-1be3-42e7-a2fb-5c110b97fc83": {"name": "California", "created_at": "2023-01-28T00:12:08.734436", "updated_at": "2023-01-28T00:12:08.735591", "id": "462ee11a-1be3-42e7-a2fb-5c110b97fc83", "__class__": "State"}, "State.078f835b-b6af-4227-adb3-1c9df5f764bc": {"name": "Arizona", "created_at": "2023-01-28T00:12:08.737445", "updated_at": "2023-01-28T00:12:08.738362", "id": "078f835b-b6af-4227-adb3-1c9df5f764bc", "__class__": "State"}, "Place.211ca81d-23f7-4a36-90f6-8fa40a3f7b61": {"city_id": "0001", "user_id": "0001", "name": "My little house", "number_rooms": 4, "number_bathrooms": 2, "max_guest": 10, "price_by_night": 300, "latitude": 37.773972, "longitude": -122.431297, "created_at": "2023-01-28T00:12:08.741514", "updated_at": "2023-01-28T00:12:08.742337", "id": "211ca81d-23f7-4a36-90f6-8fa40a3f7b61", "__class__": "Place"}}